-- phpMyAdmin SQL Dump
-- version 4.4.15.10
-- https://www.phpmyadmin.net
--
-- Host: localhost
-- Generation Time: 2019-01-07 14:38:33
-- 服务器版本： 5.6.37-log
-- PHP Version: 7.1.5

SET SQL_MODE = "NO_AUTO_VALUE_ON_ZERO";
SET time_zone = "+00:00";


/*!40101 SET @OLD_CHARACTER_SET_CLIENT=@@CHARACTER_SET_CLIENT */;
/*!40101 SET @OLD_CHARACTER_SET_RESULTS=@@CHARACTER_SET_RESULTS */;
/*!40101 SET @OLD_COLLATION_CONNECTION=@@COLLATION_CONNECTION */;
/*!40101 SET NAMES utf8mb4 */;

--
-- Database: `bookstore`
--

-- --------------------------------------------------------

--
-- 表的结构 `address`
--

CREATE TABLE IF NOT EXISTS `address` (
  `addressId` int(11) NOT NULL COMMENT '地址ID',
  `customerId` int(11) DEFAULT NULL COMMENT '用户ID',
  `name` varchar(20) DEFAULT NULL COMMENT '姓名',
  `phone` varchar(12) DEFAULT NULL COMMENT '手机',
  `address` varchar(100) DEFAULT NULL COMMENT '地址',
  `zipCode` varchar(10) DEFAULT NULL COMMENT '邮政编码'
) ENGINE=InnoDB AUTO_INCREMENT=18 DEFAULT CHARSET=utf8mb4;

--
-- 转存表中的数据 `address`
--

INSERT INTO `address` (`addressId`, `customerId`, `name`, `phone`, `address`, `zipCode`) VALUES
(1, 1, '小白', '13888888123', '东莞市东莞理工学院莞城校区', '523000'),
(2, 1, '123', '13888888123', '松山湖', '523000'),
(3, 2, '234', '13888888234', '广东省', '111111'),
(4, 2, '234', '13888888234', '中国', '222222'),
(5, NULL, '小黄', '13530302020', '广东省湛江市湛江海洋大学', ''),
(6, NULL, '陈', '15920101020', '东莞市东莞理工学院松山湖校区', '523000'),
(7, 39, 'ddd', 'ddd', 'ddd', 'ddd'),
(8, 39, '111', '333', '222', '444'),
(9, 39, '111', '333', '222', '444'),
(10, 39, 'ddd', '你好', 'ddd', 'ddd'),
(11, 39, '111', '111', '111', ''),
(12, 39, '111', '111', '111', ''),
(13, 1, 'ggg', '13538612049', '这里', '555555'),
(14, 18, '小白', '13562636363', '广东省', '523000'),
(17, 18, 'aad', '13578787878', 'dsdfs', '');

-- --------------------------------------------------------

--
-- 表的结构 `admin`
--

CREATE TABLE IF NOT EXISTS `admin` (
  `adminId` int(11) NOT NULL COMMENT '管理员ID',
  `account` varchar(50) DEFAULT NULL COMMENT '管理员账号',
  `password` varchar(50) DEFAULT NULL COMMENT '管理员密码'
) ENGINE=InnoDB AUTO_INCREMENT=2 DEFAULT CHARSET=utf8mb4;

--
-- 转存表中的数据 `admin`
--

INSERT INTO `admin` (`adminId`, `account`, `password`) VALUES
(1, 'admin', '21232f297a57a5a743894a0e4a801fc3');

-- --------------------------------------------------------

--
-- 表的结构 `book`
--

CREATE TABLE IF NOT EXISTS `book` (
  `bookId` int(11) NOT NULL COMMENT '书籍ID',
  `categoryId` int(11) DEFAULT NULL COMMENT '分类ID',
  `title` varchar(45) DEFAULT NULL COMMENT '书名',
  `isbn` bigint(13) DEFAULT NULL COMMENT 'ISBN码',
  `author` varchar(50) DEFAULT NULL COMMENT '作者',
  `press` varchar(100) DEFAULT NULL COMMENT '封面',
  `description` varchar(250) DEFAULT NULL COMMENT '描述',
  `paddress` varchar(50) DEFAULT NULL COMMENT '出版社',
  `soldNum` int(11) DEFAULT NULL COMMENT '已售',
  `stockNum` int(11) DEFAULT NULL COMMENT '库存',
  `price` double DEFAULT NULL COMMENT '价格',
  `status` tinyint(4) DEFAULT '1' COMMENT '书籍状态',
  `isdelete` tinyint(4) DEFAULT '0' COMMENT '删除标识',
  `create_time` int(11) DEFAULT NULL,
  `update_time` int(11) DEFAULT NULL
) ENGINE=InnoDB AUTO_INCREMENT=97 DEFAULT CHARSET=utf8mb4;

--
-- 转存表中的数据 `book`
--

INSERT INTO `book` (`bookId`, `categoryId`, `title`, `isbn`, `author`, `press`, `description`, `paddress`, `soldNum`, `stockNum`, `price`, `status`, `isdelete`, `create_time`, `update_time`) VALUES
(1, 0, '15天学会JavaScript（视频教学版）', 9787302511281, '王金柱', 'https://img10.360buyimg.com/n1/jfs/t27751/239/1745349301/61172/ef7788bc/5becd37dN3316b01e.jpg', '通过视频教学,快速学习JavaScript，掌握Web前端开发基础', '清华大学出版社', 500, 15, 79, 1, 0, NULL, 1546416420),
(2, 0, 'iOS应用开发基础教程', 9787302507529, '张亮', 'http://img11.360buyimg.com/n1/jfs/t1/10814/3/5555/12968/5c1794f8E24dea7c3/32f6a19f58ef4b77.jpg', '全面快速了解最新iOS开发技术和新特色。从基础入手到设计模式，实现复杂的应用实例', '清华大学出版社', 115, 30, 49, 1, 0, NULL, 1546396518),
(3, 0, '零基础学Swift游戏编程', 9787302512813, '（美）阿尔扬·艾格斯 著 李姣姣 译', 'http://www.tup.tsinghua.edu.cn/upload/bigbookimg/068392-01.jpg', '学习Swift语言，学习游戏编程，在App Store中呈现你的作品！', '清华大学出版社', 332, 121, 120, 1, 0, NULL, 1546501177),
(4, 0, '机器学习算法实践——推荐系统的协同过滤理论及其应用', 9787302507833, '王建芳', 'http://www.tup.tsinghua.edu.cn/upload/bigbookimg/080054-01.jpg', '本书提出一系列改进协同过滤推荐质量的方法，并将相关算法应用于实际，意义非凡！', '清华大学出版社', 232, 11, 69, 1, 0, NULL, 1546501328),
(5, 0, 'Arduino案例实战（卷Ⅴ）', 9787302510420, '李永华', 'http://www.tup.tsinghua.edu.cn/upload/bigbookimg/079269-01.jpg', '中关村智能硬件产业联盟推荐用书！华为、微软、小米、京东方专家联袂推荐！Arduino原创项目开发案例，可二次开发利用！', '清华大学出版社', 112, 11, 79, 1, 0, NULL, 1546501497),
(6, 0, 'CSS 入门与实践', 9787302510048, '胡俊卿', 'http://www.tup.tsinghua.edu.cn/upload/bigbookimg/077652-01.jpg', '前端开发风起云涌，各路豪杰百家争鸣，CSS一直屹立于Web前端开发技术的顶层。本书将带领前端小白从入门到实践学习CSS的相关技术', '清华大学出版社', 356, 111, 39, 1, 0, NULL, 1546501460),
(7, 0, 'Android App开发从入门到精通', 9787302513582, '安辉', 'http://www.tup.tsinghua.edu.cn/upload/bigbookimg/072653-01.jpg', '基于Android 8.0和Android Studio 3.0开发工具 以企业开发常用技术为主线，全面系统地学习Android开发', '清华大学出版社', 621, 231, 79, 1, 0, NULL, 1546501513),
(8, 0, 'Linux C与C++ 一线开发实践', 9787302512554, '朱文伟 李建英', 'http://www.tup.tsinghua.edu.cn/upload/bigbookimg/072288-01.jpg', '集基础知识、核心技能、高级应用、项目案例于一体，好学、好用、好查', '清华大学出版社', 283, 130, 129, 1, 0, NULL, 1546501529),
(9, 0, 'Swift常用算法 经典计算机科学问题的Swift实现', 9787302517092, '[美]大卫·科帕克(David Kopec) 著 韩智文 张杰良 等译', 'http://www.tup.tsinghua.edu.cn/upload/bigbookimg/080320-01.jpg', '一线Swift程序员必备图书，不讲授如何编写完整的应用程序，介绍使用Swift 进行软件开发的基础知识。 探讨编程习惯、Swift高级特性、遗传算法以及深度学习算法的内部工作原理。', '清华大学出版社', 412, 57, 98, 1, 0, NULL, 1546501693),
(10, 0, 'Python设计模式', 9787302516453, '[美] 韦塞尔. 巴登霍斯特(Wessel Badenhorst)著 蒲成 译', 'http://www.tup.tsinghua.edu.cn/upload/bigbookimg/080061-01.jpg', '从设计模式的角度，结合19个示例深入浅出地讲解了各种设计模式在Python 中的实现，描述了Python 式设计模式的应有结构以及应该避免的误区。', '清华大学出版社', 433, 164, 98, 1, 0, NULL, 1546501700),
(11, 0, 'Django 2.0 入门与实践', 9787302513551, '李健', 'http://www.tup.tsinghua.edu.cn/upload/bigbookimg/079828-01.jpg', '一线程序员撰写，凝聚自己多年开发经验，系统且深入阐释Django开发涉及的方法和实践', '清华大学出版社', 142, 95, 79, 1, 0, NULL, 1546501684),
(12, 0, 'Spring MVC + MyBatis快速开发与项目实战', 9787302516361, '黄文毅', 'http://www.tup.tsinghua.edu.cn/upload/bigbookimg/079767-01.jpg', '使用spring 5+Spring MVC 5+MyBatis 3.4.6整合开发.全程视频讲解,让你轻松学', '清华大学出版社', 44, 14, 69, 1, 0, NULL, 1546501675),
(13, 0, 'Python项目案例开发从入门到实战——爬虫、游戏和机器学习', 9787302459705, '郑秋生、夏敏捷、宋宝卫、李娟', 'http://www.tup.tsinghua.edu.cn/upload/bigbookimg/079718-01.jpg', '提供PPT课件，源码，600分钟视频讲解，咨询QQ：883604（仅限教师）。案例涉及爬虫、游戏、机器学习、深度学习', '清华大学出版社', 512, 341, 79.8, 1, 0, NULL, 1546501744),
(14, 0, 'C#函数式编程 编写更优质的C#代码', 9787302510550, '[美] 恩里科？博南诺(Enrico Buonanno) 著 张久修 译', 'http://www.tup.tsinghua.edu.cn/upload/bigbookimg/078166-01.jpg', '展示如何利用C#语言的函数式技术来弥补C#开发人员的语言差异，如何将这些技术应用于典型的业务场景来弥补领域差异。', '清华大学出版社', 321, 45, 98, 1, 0, NULL, 1546501754),
(15, 0, 'C++程序开发案例课堂', 9787302515210, '刘春茂、李琪', 'http://www.tup.tsinghua.edu.cn/upload/bigbookimg/076444-01.jpg', 'C++程序开发从入门到精通，系统讲解＋实战案例＋赠送大量资源', '清华大学出版社', 99, 43, 78, 1, 0, NULL, 1546501765),
(16, 0, '数据挖掘：商业数据分析技术与实践', 9787302497660, '[美]盖丽特·徐茉莉（Galit Shmueli） 彼得·布鲁斯（Peter C. Bruce）米娅', 'http://www.tup.tsinghua.edu.cn/upload/bigbookimg/073707-01.jpg', '数据挖掘技术和应用二者之间的最佳平衡点体现，采用SAS公司的统计软件包JMP Pro进行实践性应用，展示了数据挖掘的应用和交互式实现途径', '清华大学出版社', 954, 321, 118, 1, 0, NULL, 1546501778),
(17, 0, 'MySQL 从入门到项目实践（超值版）', 9787302501558, '聚慕课教育研发中心', 'http://www.tup.tsinghua.edu.cn/upload/bigbookimg/075015-01.jpg', '886套求职资源库、120个案例资源库、500学时在线课程、316节同步微视频、325个实例源代码、40个大型项目案例、10套8大行业MySQL项目开发文档模板库、10套电子书资源库。微信', '清华大学出版社', 54, 7, 89.9, 1, 0, NULL, 1546501793),
(18, 0, '从零开始学Python数据分析与挖掘', 9787302509875, '刘顺祥', 'http://www.tup.tsinghua.edu.cn/upload/bigbookimg/079655-01.jpg', '快速上手，轻松圆梦Python数据分析师', '清华大学出版社', 877, 342, 79, 1, 0, NULL, 1546501817),
(19, 0, '精通Oracle 12c 数据库管理', 9787302513575, '王荣鑫', 'http://www.tup.tsinghua.edu.cn/upload/bigbookimg/074007-01.jpg', '掌握Oracle数据库核心技术，胜任企业大型数据库管理、维护和开发工作', '清华大学出版社', 351, 42, 59, 1, 0, NULL, 1546501832),
(20, 1, '爱上优秀的自己(共10册有声版绘本)/儿童情商培养和励志绘本', 9787511036933, '廉东星', 'https://wdimg3.bookuu.com/goods/16/19/38/30045400.jpg', '爸爸妈妈，辛苦了', '海豚', 20, 20, 46, 1, 0, NULL, 1546486620),
(21, NULL, '1', 1, '1', '1', '1', '11', 0, 1, 1, 1, 1, NULL, 1546389933),
(22, NULL, '爱上优秀的自己(共10册有声版绘本)/儿童情商培养和励志绘本', 9787511036933, '廉东星', 'https://wdimg3.bookuu.com/goods/16/19/38/30045400.jpg', '', '海豚', 150, 36, 46.5, 1, 1, NULL, 1546400964),
(23, NULL, '112', 112, '112', '1', '1212', '1212', 12, 121, 2, 1, 1, NULL, 1546389923),
(24, 1, '小猪佩奇主题绘本(共5册)', 9787539794693, '译者:圣孙鹏|改编:英国快乐瓢虫出', 'https://wdimg3.bookuu.com/goods/16/39/58/3720084.png', '宝贝的好榜样，父母的好帮手。陪宝贝笑着养成好习惯，快乐阅读的智慧选择。大开本，*精彩。', '安徽少儿', 15506, 60, 44, 1, 0, 1546413430, 1546413511),
(25, 1, '中华上下五千年(共4册)', 9787502048457, '木头人儿童创想中心', 'https://wdimg3.bookuu.com/goods/20/04/41/3211727.jpg', '7-15岁，Q版漫画与经典故事融合，集趣味性和启发性于一体，让孩子在“悦读”中感受历史的魅力', '煤炭工业', 285, 202, 32, 1, 0, 1546413814, 1546413814),
(26, 10, '岛上书店', 9787539971810, '(美)加布瑞埃拉·泽文|译者:孙仲旭//李玉瑶', 'https://wdimg3.bookuu.com/goods/09/52/51/1546048371.jpg', '现象级***书！一年之内畅销美英德法日等25国！2014感动**千万读者的阳光治愈小说！美国独立书商选书**名！美国图书馆**阅读**名！每个人', '江苏文艺', 1334, 99, 26, 1, 0, 1546414440, 1546414440),
(27, 10, '沙丘', 9787539967363, '(美)弗兰克·赫伯特|译者:潘振华', 'https://wdimg3.bookuu.com/goods/15/00/12/3728459-fm.jpg', '弗兰克·赫伯特著潘振华译的《沙丘》讲述了： 哥白尼提出了“日心说”，我们才知道这个世界并不 是宇宙的中心；哈勃用望远镜揭开了河外星系的神秘 面纱，我们才知道宇宙中还有千亿个银河系；“自由 号”发现了黑洞的存在，我们才知道也许宇宙之外还 有宇宙，我们只是永恒中一颗微小的沙粒。 一切会思考的机器都被摧毁后，宇宙的焦点重回 人类之间的争夺。行星厄拉科斯——人类梦寐以求、 竞相抢夺的“香料”的产地，在这里上演着权术与背 叛、恐惧与仇恨、希望与梦想的太空歌剧。人们常常 用另一个名字称呼这颗干旱的星球——沙', '江苏文艺', 556, 600, 45, 1, 0, 1546484584, 1546484584),
(28, 10, '拉普拉斯的魔女', 9787550293151, '东野圭吾', 'https://wdimg3.bookuu.com/goods/16/50/50/A103943.jpg', '东野圭吾：“我想摧毁自己以前写的小说，于是，这部作品就此诞生。”\r\n两处温泉地，相继发生硫化氢中毒事件，虽然在教授清江调查后被判定为“不可能人为”，而以意外结案。然而种种疑点和现场出现的神秘少女，令前警察武尾、地球化学教授清江和负责调查事件的中冈始终无法释怀……\r\n“这个世界的未来，到底怎么样?”\r\n少女深深地叹了一口气，摇着头说:“我跟你说，还是不知道比较幸福。”', '北京联合', 1456, 1544, 36, 1, 0, 1546484792, 1546484873),
(29, 10, '偷影子的人', 9787540455958, '(法)马克·李维|译者:段韵灵', 'https://wdimg3.bookuu.com/goods/20/06/24/2282203.jpg', '《偷影子的人》由马克·李维所著，一部令整个法国为之动容的温情疗 愈小说。首印45万册，法国年度图书销售总榜冠军。台湾地区首发2个月内 紧急加印8次，吴佩慈、SHE落泪推荐。附赠浪漫告白卡——“青春初吻”纪 念明信片。\r\n\r\n\r\n\r\n《偷影子的人》是马克·李维的第10部作品，该书在法国首印45万册， 位列全年销量排行榜的总冠军，法国媒体惊叹：“销售得比影子消失的速度 还快！”这部作品完美展现了马克·李维温柔风趣的写作风格，有催人泪下 的亲情、浪漫感人的爱情和不离不弃的友情，清新浪漫的气息和温柔感人', '湖南文艺', 456, 800, 23, 1, 0, 1546485000, 1546485000),
(30, 10, '人间失格(精)', 9787201079707, '(日)太宰治|译者:高詹灿//袁斌', 'https://wdimg3.bookuu.com/goods/11/38/59/1486438739.jpg', '人间失格，即丧失为人的资格。这是太宰治生平最后一部作品，也是 他最重要的作品。全书由作者的序言、后记，以及主角大庭叶藏的三个手 札组成，描写主角从青少年到中年，为了逃避现实而不断沉沦，经历自我 放逐、酗酒、自杀、用药物麻痹自己，终于一步步走向自我毁灭的悲剧， 在自我否定的过程中，抒发自己内心深处的苦闷，以及渴望被爱的情愫… …    《人间失格》这部小说一直被认定为他的自传性作品，借由主角叶藏 的人生遭遇，太宰治巧妙地将自己的一生与思想刻画其中，并且藉此提出 身为人最真切的痛苦问题，从滞涩的行文', '天津人民', 999, 1000, 21, 1, 0, 1546485198, 1546485198),
(31, 10, '厚积落叶听雨声', 9787539995571, '朱光潜', 'https://wdimg3.bookuu.com/goods/09/43/26/1476927806.jpg', '《厚积落叶听雨声》是美学大师朱光潜首部经典 作品精编，收录《谈美》《谈修养》《给青年的十二 封信》中家喻户晓的篇目，选编了《生命》《慈慧殿 三号》《后门大街》等经典散文佳作，更特别精选了 近60幅东西方艺术名作，精美图文，全彩装帧，解读 大师毕生思想精华。 在这个叫嚣扰攘的世界里，我们需要的不是一盆 八宝饭，而是一贴清凉散。经历过不美的岁月，置一 个聆听的位置，听内心的声音，让自己醒来。真正的 美极为柔弱，却不可征服。', '江苏文艺', 147, 188, 35, 1, 0, 1546485352, 1546485352),
(32, 10, '撒哈拉的故事/三毛全集', 9787530211113, '三毛', 'https://wdimg3.bookuu.com/goods/14/28/11/1470032891.jpg', '撒哈拉的故事/三毛全集	　\r\n\r\n三毛作品中最脍炙人口当属《撒哈拉的故事》，本书由十几篇精彩动人的散文结合而成，其中《沙漠中的饭店》，是三毛适应荒凉单调的沙漠生活后，重新拾笔的第一篇文章，从此之后，三毛便写出一系列以沙漠为背景的故事，倾倒了全世界的华文读者。 \r\n\r\n\r\n\r\n雨季不再来/三毛全集	　　\r\n\r\n当三毛还是二毛的时候，她写下了《雨季不再来》，这些在她17~22岁之间所发表的文字，真实地呈现出从青涩敏感的二毛，蜕变为智慧成熟的三毛的成长的过程。而《雨季不再来》中透露的纯情和美感，可以清', '北京十月文艺', 159, 423, 45, 1, 0, 1546485492, 1546485492),
(33, 10, '百年孤独(精)', 9787544253994, '(哥伦比亚)加西亚·马尔克斯|译者:范晔', 'https://wdimg3.bookuu.com/goods/18/43/07/1997254.jpg', '《百年孤独》是魔幻现实主义文学的代表作，描写了布恩迪亚家族七代人的传奇故事，以及加勒比海沿岸小镇马孔多的百年兴衰，反映了拉丁美洲一个世纪以来风云变幻的历史。\r\n\r\n\r\n\r\n作品融入神话传说、民间故事、宗教典故等神秘因素，巧妙地糅合了现实与虚幻，展现出一个瑰丽的想象世界，成为20世界最重要的经典文学巨著之一。1982年加西亚·马尔克斯获得诺贝尔文学奖，奠定世界级文学大师的地位，很大程度上乃是凭借《百年孤独》的巨大影响。', '南海', 74, 156, 26, 1, 0, 1546485621, 1546485621),
(34, 10, '我与地坛', 9787020083442, '史铁生', 'https://wdimg3.bookuu.com/goods/20/22/54/1911351.jpg', '史铁生是当代中国最令人敬佩的作家之一。他的写作与他的生命完全 同构在了一起，在自己的“写作之夜”，史铁生用残缺的身体，说出了最 为健全而丰满的思想。他体验到的是生命的苦难，表达出的却是存在的明 朗和欢乐，他睿智的言辞，照亮的反而是我们日益幽暗的内心。 地坛只是一个载体，而文章的本质却是一个绝望的人寻求希望的过程 ，以及对母亲的思念。', '人民文学', 99, 145, 34, 1, 0, 1546485741, 1546485741),
(35, 10, '追风筝的人', 9787208061644, '(美)卡勒德·胡赛尼|译者:李继宏', 'https://wdimg3.bookuu.com/goods/20/20/27/2601143.jpg', '　“许多年过去了，人们说陈年旧事可以被埋葬，然而我终于明白这是错的，因为往事会自行爬上来。回首前尘，我意识到在过去二十六年里，自己始终在窥视着那荒芜的小径。”\r\n　　12岁的阿富汗富家少爷阿米尔与仆人哈桑情同手足。然而，在一场风筝比赛后，发生了一件悲惨不堪的事，阿米尔为自己的懦弱感到自责和痛苦，逼走了哈桑，不久，自己也跟随父亲逃往美国。\r\n　　成年后的阿米尔始终无法原谅自己当年对哈桑的背叛。为了赎罪，阿米尔再度踏上暌违二十多年的故乡，希望能为不幸的好友尽*后一点心力，却发现一个惊天谎言，儿时的噩', '上海人民', 1455, 454, 54, 1, 0, 1546485970, 1546486008),
(36, 10, '一剪宋朝的时光', 9787540479312, '白落梅', 'https://wdimg3.bookuu.com/goods/14/42/39/3744500-fm.jpg', '   那是用一阕词，换一壶酒的朝代，也是用一首词 ，可以换一座城池的朝代。多少风流雅士，绝色佳人 ，于宋朝的春风亭园，杏花酿酒，松针煎茶，即兴填 词，岁序安然。    宋词清丽婉转，风流多情，艳句浓愁，抹之不尽 。《一剪宋朝的时光》的作者白落梅与宋词，虽隔千 百年时空，却有着斩不断的情缘。宋朝的金戈铁马、 佳人思君，在白落梅的笔下演绎出绝美的文字。隐世 才女白落梅，执温润的笔法，继续演绎宋词里的悲欢 离合。', '湖南文艺', 74, 52, 36, 1, 0, 1546486123, 1546486123),
(37, 10, '你是人间四月天(精)', 9787547701225, '林徽因', 'https://wdimg3.bookuu.com/goods/18/43/20/2021671.jpg', '有人崇拜她，把她当做女神、偶像；也有人放出话来，“喜欢她的女 人，品行有问题；喜欢她的男人，脑子有问题。” 她是缺乏幽娴品德的女人，她喜好与人辩论，她用诗句表达她的哀愁 ，她精通文理，学贯中西。她对文学和艺术，具有本能的、直接的感悟。 生长富贵，命运坎坷，修养让她把热情藏在里面，热情却是她生活的支柱 。她，就是那个万千宠爱于一身的一代才女——林徽因。 《你是人间四月天》是林徽因的一本小说、诗歌、散文、剧本集，几 乎收录了林徽因所有的经典文学作品。其散文成就颇大，虽然数量不多， 但风格独特，知识性', '同心', 1223, 555, 45, 1, 0, 1546486263, 1546486263),
(38, 1, '长青藤国际大奖小说书系（共6册）', 9787541454172, '(美)辛西娅·沃伊特|译者:麦倩宜、', 'https://wdimg3.bookuu.com/goods/00/09/31/9043461.jpg', '《长青藤国际大奖小说书系：阁楼里的秘密》以推理小说的特别形式，讲述了一个关于秘密阁楼的爱与成长的故事。在一个世外桃源般的村庄里，有一座尘封十年的阁楼，里面放着十二箱神秘的家族文件。这一年的暑假，十二岁的城市女孩琼来到了这个陌生的村庄，开始整理这些文件。但她事前并不知道这一箱箱的文件之中，隐藏着卡兰德家族重大的秘密。在整理的过程中，她逐步陷入层层的谜团与疑云之中：一个神秘的鞋印、一名失踪的婴儿、一份庞大的遗产、一桩看似单纯的意外……为什么阁楼的主人席尔先生和他的小舅子卡兰德彼此仇视？席尔先生的妻子', '晨光', 845, 455, 68, 1, 0, 1546486424, 1546486424),
(39, 1, '德国专注力养成大画册(共6册)', 9787539788500, '(德)慕尼黑康帕特出版社股份有限', 'https://wdimg3.bookuu.com/goods/14/28/25/1500013705.jpg', '众所周知，德国是公认的制造工艺精湛的国家，而精湛的工艺源自德国人的民族特性——做事认真严谨、专注投入。因此，德国父母非常重视对孩子专注力的培养。我们引进自德国的“专注力养成大画册”， 是锻炼孩子全方位思考、快速提升学习专注力的经典图书。在书中，德国画家精心绘制了场景美图，画面错综复杂，布局巧妙且不失精致与完美。    \r\n\r\n    \r\n\r\n为了鼓励孩子发现线索，游戏类大画册设计了“普通任务题”和 “寻宝专家”栏目。每完成一项普通难度的任务，孩子便可勾选、标记，帮助他们培养做事情的条理性并获得成', '安徽少儿', 456, 125, 84, 1, 0, 1546486584, 1546486584),
(40, 1, '森林报故事绘本全套12册', 9787519217976, '(苏)维·比安基|总主编:蕾玲', 'https://wdimg3.bookuu.com/goods/18/14/47/9060741.jpg', '【0-9岁】【亲子共读】世界经典儿童文学：70多种动植物+40多个科普故事+20多个趣味游戏', '世界图书出版公司', 158, 457, 78, 1, 0, 1546486778, 1546486778),
(41, 1, '法布尔昆虫记彩绘本（共8册）/新小牛顿科普启蒙绘本', 9787539489001, '徐煜楠', 'https://wdimg3.bookuu.com/goods/16/18/31/1487146711.jpg', '【3-6岁】【注音版科普绘本】昆虫科普，精美写实风格插画，故事与知识结合，丰富寓意和内涵', '湖北美术', 658, 541, 86, 1, 0, 1546486909, 1546486938),
(42, 1, '四大名著(彩图珍藏版)(精)/语文新课标必读丛书', 9787563939473, '(明)罗贯中|主编:余良丽', 'https://wdimg3.bookuu.com/goods/10/16/59/1499739419.jpg', '【新课标】*****读物，精装高品质，精美插图，注音释义，名师点评，绿色印刷，环保无害。', '北京工业大学', 874, 665, 80, 1, 0, 1546487055, 1546487055),
(43, 1, '开发孩子大脑的智力游戏（共10册)', 9787511034168, '编者:世纪海岸', '', '【2-6岁】精心设计的游戏，全面开发宝宝聪明大脑。培养宝宝的认知能力、记忆力和观察力', '海豚', 99, 56, 66, 1, 1, 1546487171, 1546487211),
(44, 1, '开发孩子大脑的智力游戏（共10册)', 9787511034168, '编者:世纪海岸', 'https://wdimg3.bookuu.com/goods/13/42/52/1491802972.jpg', '【2-6岁】精心设计的游戏，全面开发宝宝聪明大脑。培养宝宝的认知能力、记忆力和观察力', '海豚', 99, 56, 66, 1, 0, 1546487177, 1546487177),
(45, 1, '聆听二十四节气(共4册)', 9787558508141, '编者:蕾玲', 'https://wdimg3.bookuu.com/goods/11/31/31/1491881491.jpg', '本选题按照一年二十四节气的时间顺序，讲述二十四节气这项古老发明的历史由来以及它对我们当下生活的影响和启示。', '北方妇儿', 88, 99, 65, 1, 0, 1546487304, 1546487330),
(46, 1, '小游戏大智慧(提升智能的321个趣味思维游戏)', 9787534138423, '王文伟//王薇', 'https://wdimg3.bookuu.com/goods/18/01/34/1496224894.jpg', '这是一本值得一读的书，围绕321个思维游戏，让你在轻松愉悦中开动脑筋，锻炼思维能力，提智能', '浙江科技', 56, 48, 65, 1, 0, 1546487430, 1546487430),
(47, 1, '夏洛的网+天蓝色的彼岸+窗边的小豆豆（共3册）', 9787532767373, '(美)E·B·怀特|译者:任溶溶', 'https://wdimg3.bookuu.com/goods/12/15/49/201608301710525733.jpg', '', '上海译文', 445, 522, 65, 1, 0, 1546497397, 1546497423),
(48, 2, '易中天中华史：三国纪+魏晋风度+南朝北朝（共3册）', 9787533943974, '易中天', 'https://wdimg3.bookuu.com/goods/12/49/05/201609281637144651.jpg', '易中天中华史：三国纪+魏晋风度+南朝北朝（共3册）', '浙江文艺', 457, 551, 36, 1, 0, 1546497614, 1546497614),
(49, 2, '华杉讲透孙子兵法', 9787539978536, '华杉', 'https://wdimg3.bookuu.com/goods/09/27/56/1480469276.jpg', '《孙子兵法》6111字，似乎每个字都艰深玄奥， 让很多人望而却步；其实，只要抓住兵法的根本思想 ，就会发现处处豁然开朗、字字明明白白。 《华杉讲透孙子兵法》作者华杉，研究孙子兵法 二十余年；在本书中，抓住兵法根本思想，通过155 个经典战例，将《孙子兵法》的原意剖析得详尽透彻 。同时援引2000多年来，解读《孙子兵法》的传世注 家曹操、杜牧等11人的注解，从不同角度还原兵法原 意。 全书通俗流畅，精彩纷呈；背水一战、围魏救赵 等经典战例，更是讲解得令人身临其境，犹如置身战 场上空，看交战双方兵马', '江苏文艺', 254, 877, 26, 1, 0, 1546497724, 1546497724),
(50, 9, '最易上手极简版流行钢琴曲(适合学琴5-12个月的初学者新订2版)', 9787540471033, '陈凤', 'https://wdimg3.bookuu.com/goods/10/52/14/4000962-fm.jpg', '', '湖南文艺', 251, 69, 25, 1, 0, 1546497729, 1546498467),
(51, 2, '从晚清到民国/传记文学书系', 9787503462252, '(美)唐德刚|总主编:彭明哲//曾德明', 'https://wdimg3.bookuu.com/goods/20/34/16/3220627.jpg', '长江三峡的曲折动荡，是中国人的骄傲，也是中国自然史上的潮信地带。鸦片战争，揭开了中国二千年一遇的“社会文化大转型”的序幕。在史学大家唐德刚的慧眼中，“人文史观”一如“自然史观”，1840年的一场战役不仅掀起了中国社会政治形态的大变革，也使历史潮流中的长河，尤需历时百年的诡谲动荡，方能进入壮阔的太平洋。唐德刚交融三峡史观与人文探索于本书，成就一部客观而深入的中国近代史书。 曲折动荡的长江三峡，是中国人的骄傲，也是中 国自然史上的潮信地带。鸦片战争，揭开了十九世纪 开始的中国二千年一遇的“社会文化大', '中国文史', 661, 457, 31, 1, 0, 1546497841, 1546497841),
(52, 9, '时光深处', 9787556113842, '风染白', '', '风染白，文笔精妙，笔下文字，皆如开在心尖的花，字字戳心。她曾言，特别喜欢一句话，女为悦己者容，士为知己者死，读者于我便是如此。愿所有真心都能得到回报，亦愿所有爱情都能一夜到白头。代表作：《逢场作戏》《七年之痒》《婚后无爱》。', '湖南人民', 589, 0, 0, 1, 1, 1546497886, 1546497972),
(53, 2, '大明王朝的七张面孔(全新修订升级版)', 9787218106083, '张宏杰', 'https://wdimg3.bookuu.com/goods/20/30/56/3414472.jpg', '张宏杰编著的《大明王朝的七张面孔（全新修订 升级版）》选取了七个能够全面反映大明王朝运作规 则的人物：一个皇帝：朱元璋；一个篡位者：朱棣； 一个清官：海瑞；一个太监：魏忠贤；一个造反者： 张献忠；一个叛徒：吴三桂；一个忠臣：郑成功。 以文学化的笔法描述七个人物在历史场景与文化 中的境况，剖析其生命历程背后难为人知的艰辛、焦 灼和不得已，展现出大明王朝既强大又虚弱、既意志 决绝又精神涣散的全貌。', '广东人民', 781, 549, 29, 1, 0, 1546497926, 1546497926),
(54, 9, '时光深处', 9787556113842, '风染白', 'https://wdimg3.bookuu.com/goods/18/48/18/3778846.png', '风染白，文笔精妙，笔下文字，皆如开在心尖的花，字字戳心。她曾言，特别喜欢一句话，女为悦己者容，士为知己者死，读者于我便是如此。愿所有真心都能得到回报，亦愿所有爱情都能一夜到白头。代表作：《逢场作戏》《七年之痒》《婚后无爱》。', '湖南人民', 589, 107, 16, 1, 0, 1546497941, 1546497941),
(55, 2, '先知中国(精)', 9787218113180, '余世存', 'https://wdimg3.bookuu.com/goods/17/10/57/3739679-fm.jpg', '《先知中国》是先秦时代的专题史、人物纪传史 ，作者余世存选其中29位人物的预言为中心展开，并 对预言本身予以分析，说明一人、一国都有命运轨迹 ，我们耳熟能详的重大中国史实多被先知们预言过了 。 本书填补了中国史叙事领域的空白，让读者领略 先知预言后世的神奇能力，其关乎生死大事的预言对 读者有警示意义：在时代的巨变里把握自己，看清命 运。', '广东人民', 54, 78, 31, 1, 0, 1546498103, 1546498103),
(56, 9, '时光深处(2)', 9787550020788, '风染白', 'https://wdimg3.bookuu.com/goods/20/53/17/3778847.png', '畅销书新晋黑马作者风染白*深情之作，她以为的那一段“已经失去”的爱，是他跨越经年的追逐与守护。时光中因为有你，才惊艳了我所有岁月。 谨以此书献给：那些年，为爱拼尽所有的你。', '百花洲文艺', 594, 146, 18, 1, 0, 1546498158, 1546498158),
(57, 2, '我在故宫修文物', 9787549590353, '绿妖|编者:萧寒|摄影:严明', 'https://wdimg3.bookuu.com/goods/17/09/43/3718161.jpg', '《我在故宫修文物》第一次将镜头对准了故宫的文物修复师们，他们已经存在了几百年，却始终不为人知。书中以口述的形式撰写了12位**文物修复师的对历史、对人生的回顾和感悟，同时也是一本故宫几百年文物修复历史的缩影。 在大时代的背景下，一群身怀绝技、妙手回春的文物修复师，默默地固守“冷宫”一隅，日复一日地打理着价值连城的“国宝”。他们是故宫里的钟表匠、青铜匠、摹画工、木器工、漆器工……他们一代一代薪火相传，是故宫重要的非物质文化遗产。 宫墙外的世界斗转星移，宫墙内的他们却要用几年的时间摩挲同一件文物。一', '广西师大', 98, 88, 41, 1, 0, 1546498242, 1546498242),
(58, 9, '声乐曲选集(外国部分)/21世纪音乐教育丛书', 9787562116806, '冉光彪//戴莉蓉', 'https://wdimg3.bookuu.com/goods/14/05/50/3919178-fm.jpg', '', '西南师大', 0, 12, 24, 1, 0, 1546498314, 1546498314),
(59, 9, 'CD VERDI LA TRAVIATA KLEIBER<双碟装>附书', 4151322, '', 'https://wdimg3.bookuu.com/goods/00/53/01/41513220367140-fm.jpg', '', '中图上海市场部', 0, 1, 237, 1, 0, 1546498413, 1546498446),
(60, 9, '中国古代歌曲选戏曲曲艺唱腔选(上中下)/声乐教学曲库', 9787103030165, '李寿增//钱国桢//管谨义', 'https://wdimg3.bookuu.com/goods/16/32/52/3925089-fm.jpg', '。。。', '人民音乐', 0, 11, 79, 1, 0, 1546498611, 1546498611),
(61, 9, '吉他自学三月通', 9787122297938, '刘天礼', 'https://wdimg3.bookuu.com/goods/16/37/34/3928118-fm.jpg', '。。。', '化学工业', 22, 21, 34, 1, 0, 1546498719, 1546498719),
(62, 9, '流行音乐即兴伴奏一本通', 9787103040188, '田园', 'https://wdimg3.bookuu.com/goods/08/41/12/97871030401881905230-fm.jpg@!w210', '', '人民音乐', 289, 5, 14, 1, 0, 1546498835, 1546498889),
(63, 9, '中国民间歌曲选(上下)/声乐教学曲库', 9787103014240, '储声虹//徐朗//余笃刚', 'https://wdimg3.bookuu.com/goods/16/22/45/3925088-fm.jpg', '。。。', '人民音乐', 3, 16, 60, 1, 0, 1546498991, 1546498991),
(64, 9, '成年人应用钢琴教程(上)', 9787103004371, '李菊红//黄佩莹', 'https://wdimg3.bookuu.com/goods/09/43/53/3925090-fm.jpg', '。。。', '人民音乐', 0, 13, 50, 1, 0, 1546499118, 1546499155),
(65, 9, '泰山颂(民族管弦乐组曲)/中国音乐总谱大典', 9787551605380, '金西//徐贵岩//李钰', 'https://wdimg3.bookuu.com/goods/09/53/50/3925854-fm.jpg', '。。。', '山东友谊', 0, 6, 105, 1, 0, 1546499697, 1546499697),
(66, 2, '知行合一王阳明(1472-1529)', 9787550230002, '度阴山', 'https://wdimg3.bookuu.com/goods/18/51/00/2912615.jpg', '<p>◆道破天机！习近平主席推荐7次的哲学理念，仅2014年就反复强调5次！</p><p>◆公务员争相购买！政府机关、事业单位团购指定用书！</p><p>◆狂销40万册！有史以来关于王阳明及心学*畅销读本。</p><p>◆**全面解读知行合一哲学理念及其创始人王阳明的通俗全传！</p><p>◆修身立志、强大内心、汲取智慧、成就事业*佳读本！</p><p>◆了解王阳明，了解心学，必读本书！曾国藩、毛泽东、蒋介石等伟人一致推荐！</p><p>◆本书通过讲述王阳明的辉煌传奇，为您剖析知行合一的无边威力', '北京联合', 145, 254, 35, 1, 0, 1546501446, 1546501446),
(67, 2, '生命这出戏/扎西持林丛书', 9787507540512, '希阿荣博堪布', 'https://wdimg3.bookuu.com/goods/00/11/00/3841357.png', '希阿荣博堪布编著的《生命这出戏》是一本让你 重新提炼生命价值的伟大著作。人生没有假设，当下 即是全部。在基本的衣食住行得到保障之后，只有拥 有一颗受过训练的心，才能得到安乐。生命这出戏， 没有重来一次的机会，因而要珍惜与他人、与其他生 命之间的种种缘起。而我们要如何演好自己的戏，又 不妨碍他人演戏？ 在本书中涉及众多人生问题和生活中寻常事物， 希阿荣博上师开阔又致密地引导我们每个人如何锤炼 一颗心去离苦得乐，随缘自在，发现自由。 我们将由这股潜移默化的力量指引，挣开痛苦与 欲望的汪洋去发现内心的', '华文', 451, 657, 45, 1, 0, 1546501801, 1546501801),
(68, 2, '厚黑学全集(足本典藏版)', 9787505731233, '李宗吾', 'https://wdimg3.bookuu.com/goods/17/38/41/1478770721.jpg', '李宗吾遍检诸子百家，读破二十四史，目睹人间 冷暖，看穿宦海沉浮，终于发现历史的真谛：古之为 英雄豪杰者，不过面厚心黑而已。愤而写成轰动一时 、流传后世的一本奇书——《厚黑学》，并以“厚黑 教主”自居，开创“厚黑学派”的一家之言，被誉为 “影响中国文化的20大奇才怪杰”之一。 《厚黑学全集(足本典藏版)》将“厚黑教主”目 前存世的所有文字一网打尽，编为《厚黑学》《厚黑 丛话》《厚黑别论》《心理与力学》《社会问题之商 榷》《中国学术之趋势》《宗吾自述》等七个部分， 真正堪称《厚黑学全集(足本典藏版)', '中国友谊', 265, 344, 35, 1, 0, 1546502033, 1546502033),
(69, 2, '舍得舍不得(附光盘带着金刚经旅行)', 9787535673800, '蒋勲', 'https://wdimg3.bookuu.com/goods/20/35/23/3347788.jpg', '京都永观堂、清迈无梦寺、加拿大奈恩瀑布…… 蒋勲带着《舍得舍不得（附光盘带着金刚经旅行）》 ，读经、抄经，旅行十方，在心的寺院里一殿一殿地 拜去，在洪荒自然里看见生命的不同修行，在文学艺 术里照见生命的不同可能，与一切有情众生，领会人 生中的舍得与难舍……', '湖南美术', 322, 258, 54, 1, 0, 1546502122, 1546502122),
(70, 2, '人类简史(从动物到上帝)', 9787508660752, '(以色列)尤瓦尔·赫拉利|译者:林俊宏', 'https://wdimg3.bookuu.com/goods/11/00/09/3766554.jpg', '以色列新锐历史学家尤瓦尔·赫拉利代表作，第十届文津图书奖获奖作品', '中信', 78, 255, 39, 1, 0, 1546502219, 1546502219),
(71, 2, '乡下人的悲歌', 9787508660752, '(美)J.D.万斯|译者:刘晓同//庄逸抒', 'https://wdimg3.bookuu.com/goods/16/04/04/3825913-fm.jpg', '传奇导演朗·霍华德将执导电影版，横扫《纽约时报》《时代周刊》等影响力书榜，《从0到1》彼得·蒂尔等学术界投资界大咖**。', '江苏文艺', 488, 668, 38, 1, 0, 1546502318, 1546502445),
(72, 3, '京瓷哲学(人生与经营的原点)', 9787506084505, '稻盛和夫', 'https://wdimg3.bookuu.com/goods/20/21/51/3418234.jpg', '本书浓缩京瓷公司内部教材《京瓷哲学手册》的内容，如今以逐项解说的形式面世。原本**于盛和塾塾生、并不外传的公司至宝，集结了稻盛和夫八十多年来经营与人生的智慧，不管是商界人士还是普通读者，皆可从稻盛和夫质朴又强大的活法中获得能量，走向事业经营与人生丰硕充实之路。', '东方', 2976, 134, 62, 1, 0, 1546507940, 1546507940),
(73, 3, '货币战争(1-5 共5册)', 9787508630311, '宋鸿兵', 'https://wdimg3.bookuu.com/goods/20/15/11/9038301.jpg', '鸿观（千万册畅销书《货币战争》系列作者宋鸿兵全新力作，完整未删节版精彩呈现，《鸿观》节目未公开的细节数据完整收录） **金融学者宋鸿兵，继千万册热卖书籍《货币战争》之后又一力作。立足**金融外交大局，解读**金融史、财经发展趋势——完整未删减版《鸿观》精彩呈现！   \r\n\r\n\r\n\r\n2008年金融危机结束五年之后，对未来世界经济走势的观点仍然是众说纷纭。美国的量化宽松究竟有无效果？**的货币超发到底是福是祸？金融市场是渐趋安全，还是越发危险？经济复苏是稳步向前，还是昙花一现？ \r\n\r\n\r\n\r\n从', '长江文艺', 17997, 0, 146, 1, 0, 1546508047, 1546508047),
(74, 3, '领导力(曼联功勋教练弗格森38年管理心得)(精)', 9787505737549, '亚历克斯·弗格森', 'https://wdimg3.bookuu.com/goods/13/30/18/3654377-fm.jpg', '《领导力(曼联功勋教练弗格森38年管理心得)(精)》是关于领导力、管理和追求成功的一本书。这本书引人入胜，是同类书中的佼佼者。', '中国友谊', 95, 0, 39, 1, 0, 1546508254, 1546508254),
(75, 3, '国富论(上下)', 9787542630018, '亚当斯密|', 'https://wdimg3.bookuu.com/goods/17/45/16/1489534.jpg', '《国富论》，全名为《国民财富的性质和原因的研究》，初版于1776年，它的出版标志着经济学作为一门独立学科的诞生。', '上海三联', 432, 0, 44, 1, 0, 1546508389, 1546508389),
(76, 3, '细节(如何轻松影响他人)', 9787508668734, '(美)史蒂夫·马丁', 'https://wdimg3.bookuu.com/goods/14/18/07/3672020-fm.jpg', '世界百万级畅销书《影响力》作者罗伯特·西奥迪尼全新力作，现象级畅销书震撼上市人际交往、商业秘密、创造影响力及说服他人的52个技巧与实操训练一本你只想自己读，生怕别人读的书', '中信', 12445, 839, 34, 1, 0, 1546508546, 1546508546),
(77, 3, '王二的经济学故事', 9787213047756, '郭凯', 'https://wdimg3.bookuu.com/goods/20/06/55/2250646.jpg', '看哈佛经济学博士郭凯如何用故事讲透我们生活中的经济学。\r\n小到超市购物，大到买房置业，我们每天都在做出经济决策，朦胧中也都感觉到自己的决策受**政策的影响，但究竟是如何受到影响的，并不是每个人都清楚。', '浙江人民', 9678, 0, 22, 1, 0, 1546515861, 1546515861),
(78, 3, '卓有成效的管理者(珍藏版德鲁克管理经典)', 9787111280712, '(美)彼得·德鲁克', 'https://wdimg3.bookuu.com/goods/15/48/27/1478159307.jpg', '时空的德鲁克，管理者永恒的导师。他称自己是“社会生态学家”，他对社会学和经济学的影响深远，他的著作架起了从工业时代到知识时代的桥梁。 管理者的成效往往是决定组织工作成效的*关键因素；并不是只有**管理人员才是管理者，所有负责行动和决策而又有助于提高机构工作效能的人，都应该像管理者一样工作和思考。', '机械工业', 15977, 282, 24, 1, 0, 1546516227, 1546516227),
(79, 3, '穆勒政治经济学概述/汉译世界学术名著丛书', 9787100023610, '(俄)尼·加·车尔尼雪夫斯基', 'https://wdimg3.bookuu.com/goods/12/02/48/97871000236102407629-fm.jpg@!w210', '《穆勒政治经济学概述》一书，是有关资产阶级经济学说史的一部重要著作。', '商务', 12, 44, 22, 1, 0, 1546516569, 1546516719),
(80, 3, '安全生产与事故赔偿', 9787516206355, '程鸿勤', 'https://wdimg3.bookuu.com/goods/15/15/00/3105418-fm.jpg', '程鸿勤、沈德咏主编的《安全生产与事故赔偿》主要宣讲安全生产法、《*高人民法院关于审理人身损害赔偿案件适用法律若干问题的解释》（简称《人身损害赔偿司法解释》）。', '中国民主法制', 14, 2, 19, 1, 0, 1546516793, 1546516793),
(81, 3, '中央银行与货币供给(第2版)', 9787504986214, '盛松成//翟春', 'https://wdimg3.bookuu.com/goods/17/25/47/3654564-fm.jpg', '盛松成、翟春著的这本《中央银行与货币供给（第2版）》对有关中央银行和货币政策的一系列基本问题进行了全面、深入、细致和准确的阐述。', '中国金融', 521, 24, 55, 1, 0, 1546516865, 1546516865),
(82, 3, '赢得货币战争', 9787510463914, '(美)埃斯瓦尔·S.普拉萨德', 'https://wdimg3.bookuu.com/goods/06/45/52/2018041330036672-58398.jpg', '由埃斯瓦尔·S.普拉萨德著的《赢得货币战争》融汇了易纲、胡晓炼、林毅夫、姚洋、余永定等众多人士的研究成果与政策建议；', '新世界', 4, 203, 41, 1, 0, 1546516967, 1546516967),
(83, 3, '商业银行中小企业贷款核心问题解析', 9787542940414, '许学军', 'https://wdimg3.bookuu.com/goods/12/12/59/2756032-fm.jpg', '对于银行工作人员来说，高深的理论固然必要，但是*加重要的是其他银行丰富多彩的实践经验，以及各种专门针对中小企业贷款的实践技术。', '立信会计', 190, 5, 30, 1, 0, 1546517030, 1546517030),
(84, 4, '长胎不长肉孕期体重管理一本通/亲亲乐读系列', 9787553754673, '李剑慧//杨海英', 'https://wdimg3.bookuu.com/goods/18/59/36/3373704.jpg', '李剑慧、杨海英主编的《长胎不长肉孕期体重管理一本通/亲亲乐读系列》以时间为线，以孕期热点问题——体重管理为纲，让孕妈妈全面了解体重这件事儿。', '江苏科技', 1575, 44, 31, 1, 0, 1546518135, 1546518135),
(85, 4, '小儿推拿专家教捏捏按按百病消(全新彩图版)', 9787518923243, '缘缘', 'https://wdimg3.bookuu.com/goods/16/00/42/3759029-fm.jpg', '缘缘著的这本《小儿推拿专家教捏捏按按百病消 （全新彩图版）》针对没有专业医学背景和相关知识 储备的家长，从小儿推拿基本技巧、手法、准备事项 和注意事项、宝宝常用穴位详解、宝宝常见问题的中 医辨证到宝宝最常见的27种疾病的推拿手法，深入浅 出地教给父母用自己的双手和全部的爱为宝宝缓解病 痛。本书还配有宝宝穴位和按摩手法的彩图，让家长 一看就懂，一学就会，真正把小儿推拿这种绿色疗法 运用起来，让宝宝更加健康。', '科技文献', 5077, 6093, 37, 1, 0, 1546518685, 1546518685),
(86, 4, '我的最后一本减肥书', 9787121312311, '仰望尾迹云', 'https://wdimg3.bookuu.com/goods/14/06/23/3829752-fm.jpg', '《我的最后一本减肥书》从“减肥不要只看体 重”、“只有慢减肥才是真减肥”等观点说起，对减 肥常见的伪科学误区，做了基本的剖析和澄清，对减 肥科普市场伪科学横行的现象做了揭露，总结了如何 鉴别减肥伪科学的方法。', '电子工业', 33, 8, 39, 1, 0, 1546518767, 1546518767),
(87, 4, '小儿推拿专家教', 9787536484627, '代敏', 'https://wdimg3.bookuu.com/goods/18/24/22/3723640-fm.jpg', '32种宝宝常见病，简单推拿来搞定，捏捏按按轻轻松松祛百病。\r\n《小儿推拿专家教》由代敏编著，专家教你简单又实用的小儿推拿方法。', '四川科技', 23, 0, 26, 1, 0, 1546518838, 1546518838),
(88, 4, '让孩子不发烧不咳嗽不积食', 9787539047911, '罗大伦', 'https://wdimg3.bookuu.com/goods/20/27/28/2752094.jpg', '家有《让孩子不发烧不咳嗽不积食》，孩子身体一有风吹草动，父母心里就会有底，不再担心孩子受罪，求己求医皆有自信和良策。', '江西科技', 65527, 0, 20, 1, 0, 1546518905, 1546518905),
(89, 4, '李中莹亲子关系全面技巧(升级版)/李中莹家庭大学系列', 9787511331519, '李中莹', 'https://wdimg3.bookuu.com/goods/18/56/50/2453681.jpg', '《李中莹亲子关系全面技巧(升级版)》——国际级NLP大师李中莹经典 著作。基于全球最火爆的NLP学问，发展出对中国孩子最有效的教育技巧， 容易明白、容易学习、容易做到，超100万孩子受益12年畅销，2013最新升 级。', '中国华侨', 16327, 0, 21, 1, 0, 1546519502, 1546519502),
(90, 4, '至味在人间', 9787549573738, '陈晓卿', 'https://wdimg3.bookuu.com/goods/20/30/54/3404573.jpg', '《舌尖上的中国》总导演，十年谈吃文章首度结集。', '广西师大', 6640, 350, 28, 1, 0, 1546519574, 1546519574),
(91, 4, '日日之食(家常菜的小秘密)', 9787111562429, '陈宇慧', 'https://wdimg3.bookuu.com/goods/15/02/09/3851660-fm.jpg', '这是一本面向都市年轻人群体的美食书，文中收录了60道真正的家常菜的菜谱。对于做家常菜大多数人都具备一定基础，而会做到做好往往只差在几个关键步骤，这就是在本书的特点，告诉你做好家常菜的关键技能点。', '机械工业', 158, 15, 36, 1, 0, 1546519642, 1546519642),
(92, 4, '说医不二(懒兔子漫话中医)', 9787550277724, '懒兔子', 'https://wdimg3.bookuu.com/goods/15/45/17/3527845.jpg', '这是一本中医通俗读物，大众健康书。用轻松有趣的小文章和生动活泼的漫画插图让读者快速了解中医知识，告诉读者一些常见的身体病症、不良体质的调养方法，以及中药药理，也讲述普遍的生命经验和养生智慧，传递暖暖的爱与正能量。', '北京联合', 18629, 286, 23, 1, 0, 1546519725, 1546519725),
(93, 4, '我们为什么被霸凌', 9787559406859, '陈岚', 'https://wdimg3.bookuu.com/goods/15/26/03/3901602.jpg', '', '江苏文艺', 355, 23, 34, 1, 0, 1546519797, 1546519797),
(94, 4, '真正的蒙氏教育在家庭：蒙台梭利家庭教育解决方案', 9787508669120, '白玛琳', 'https://wdimg3.bookuu.com/goods/17/56/15/A104794.jpg', '', '中信出版社', 2198, 480, 153, 1, 0, 1546519894, 1546519894),
(95, 4, '一学就会的口袋魔术(共4册)', 9787548434801, '桃乐工作室', 'https://wdimg3.bookuu.com/goods/10/34/06/3923803-fm.jpg', '【6-14】简单易学的小魔术，开发孩子的智力，培养孩子的幽默性格', '哈尔滨', 29151, 44, 40, 1, 0, 1546519962, 1546519982),
(96, 5, '得力S01按动中性笔12支盒装 黑色/0.5mm', 0, '得力', 'https://wdimg3.bookuu.com/goods/13/53/43/1507874023.jpg', '', '按动办公学习中性笔', 511, 441, 55, 1, 0, 1546564708, 1546564708);

-- --------------------------------------------------------

--
-- 表的结构 `category`
--

CREATE TABLE IF NOT EXISTS `category` (
  `categoryId` int(11) NOT NULL,
  `cateName` varchar(45) DEFAULT NULL
) ENGINE=InnoDB AUTO_INCREMENT=11 DEFAULT CHARSET=utf8mb4;

--
-- 转存表中的数据 `category`
--

INSERT INTO `category` (`categoryId`, `cateName`) VALUES
(2, '人文社科'),
(5, '创意文具'),
(1, '少儿童书'),
(8, '居家日用'),
(9, '影音原版'),
(10, '文学艺术'),
(4, '生活时尚'),
(7, '生活美学'),
(0, '科技教育'),
(3, '经管励志');

-- --------------------------------------------------------

--
-- 表的结构 `customer`
--

CREATE TABLE IF NOT EXISTS `customer` (
  `customerId` int(11) NOT NULL COMMENT '用户ID',
  `account` varchar(50) DEFAULT NULL COMMENT '用户账号',
  `password` varchar(50) DEFAULT NULL COMMENT '用户密码',
  `name` varchar(20) DEFAULT NULL COMMENT '姓名',
  `sex` tinyint(4) DEFAULT NULL COMMENT '性别',
  `phone` varchar(12) DEFAULT NULL COMMENT '手机',
  `email` varchar(100) DEFAULT NULL COMMENT '邮箱',
  `money` double DEFAULT NULL COMMENT '账户余额',
  `usedmoney` double DEFAULT NULL COMMENT '已用金额',
  `inmoney` double DEFAULT NULL COMMENT '充值金额',
  `status` tinyint(4) DEFAULT '1' COMMENT '账号状态',
  `isdelete` tinyint(4) DEFAULT '0' COMMENT '删除标识',
  `create_time` int(11) DEFAULT NULL,
  `update_time` int(11) DEFAULT NULL
) ENGINE=InnoDB AUTO_INCREMENT=41 DEFAULT CHARSET=utf8mb4;

--
-- 转存表中的数据 `customer`
--

INSERT INTO `customer` (`customerId`, `account`, `password`, `name`, `sex`, `phone`, `email`, `money`, `usedmoney`, `inmoney`, `status`, `isdelete`, `create_time`, `update_time`) VALUES
(1, '123', '4297f44b13955235245b2497399d7a93', '小白', 2, '13888888123', '123@qq.com', NULL, NULL, NULL, 1, 0, NULL, NULL),
(2, '234', '4297f44b13955235245b2497399d7a93', '小蓝', 2, '13888888234', '234@qq.com', NULL, NULL, NULL, 1, 0, NULL, NULL),
(3, '345', '4297f44b13955235245b2497399d7a93', '小青', 1, '13888888345', '345@qq.com', NULL, NULL, NULL, 1, 0, NULL, NULL),
(4, '456', '4297f44b13955235245b2497399d7a93', '小紫', 2, '13888888456', '456@qq.com', NULL, NULL, NULL, 1, 0, NULL, 1546426765),
(5, '567', '4297f44b13955235245b2497399d7a93', '小绿', 1, '13888888567', '567@qq.com', NULL, NULL, NULL, 1, 0, NULL, 1546426776),
(6, '678', '4297f44b13955235245b2497399d7a93', '小黄', 2, '13888888678', '678@qq.com', NULL, NULL, NULL, 1, 0, NULL, 1546426784),
(7, '789', '4297f44b13955235245b2497399d7a93', '小白', 1, '13888888789', '789@qq.com', NULL, NULL, NULL, 1, 0, NULL, 1546426791),
(8, '890', '4297f44b13955235245b2497399d7a93', '小黑', 2, '13888888890', '890@qq.com', NULL, NULL, NULL, 1, 0, NULL, 1546426798),
(9, '901', '4297f44b13955235245b2497399d7a93', '小橙', 1, '13888888901', '901@qq.com', NULL, NULL, NULL, 1, 0, NULL, 1546426808),
(10, '012', '4297f44b13955235245b2497399d7a93', '小明', 2, '13888888012', '012@qq.com', NULL, NULL, NULL, 1, 0, NULL, 1546426815),
(11, '111', '4297f44b13955235245b2497399d7a93', '小军', 1, '13888888111', '111@qq.com', NULL, NULL, NULL, 1, 0, NULL, 1546426825),
(12, '222', '4297f44b13955235245b2497399d7a93', '小光', 2, '13888888222', '222@qq.com', NULL, NULL, NULL, 1, 0, NULL, NULL),
(13, '333', '4297f44b13955235245b2497399d7a93', '小宇', 1, '13888888333', '333@qq.com', NULL, NULL, NULL, 1, 0, NULL, 1546426838),
(14, '444', '4297f44b13955235245b2497399d7a93', '小霞', 2, '13888888444', '444@qq.com', NULL, NULL, NULL, 1, 0, NULL, 1546426849),
(15, '555', '4297f44b13955235245b2497399d7a93', '小真', 1, '13888888555', '555@qq.com', NULL, NULL, NULL, 1, 0, NULL, 1546426858),
(16, '666', '4297f44b13955235245b2497399d7a93', '小志', 2, '13888888666', '666@qq.com', NULL, NULL, NULL, 1, 0, NULL, 1546483962),
(17, 'qqq', '4297f44b13955235245b2497399d7a93', NULL, NULL, '13888888811', 'qqq@qq.com', NULL, NULL, NULL, 1, 0, NULL, 1546426920),
(18, 'test', 'e10adc3949ba59abbe56e057f20f883e', 'Catona', 2, '13310101010', '111@qq.com', NULL, NULL, NULL, 1, 0, NULL, NULL),
(20, 'bbb', '4297f44b13955235245b2497399d7a93', NULL, NULL, '13888888855', 'bbb@qq.com', NULL, NULL, NULL, 1, 0, NULL, 1546426955),
(21, 'xxx', 'e10adc3949ba59abbe56e057f20f883e', NULL, NULL, '13620202020', NULL, NULL, NULL, NULL, 1, 0, NULL, NULL),
(22, 'test2', 'e10adc3949ba59abbe56e057f20f883e', NULL, NULL, '13510101010', NULL, NULL, NULL, NULL, 1, 0, NULL, NULL),
(23, '911', '4297f44b13955235245b2497399d7a93', NULL, NULL, '13888888911', '911@qq.com', NULL, NULL, NULL, 1, 0, 1546076153, 1546076153),
(24, NULL, NULL, '', 1, '13310102011', '', NULL, NULL, NULL, 1, 1, NULL, 1546393247),
(25, NULL, NULL, '', 1, '13310102011', '', NULL, NULL, NULL, 1, 1, NULL, 1546393248),
(26, NULL, NULL, '', 1, '13310102011', '', NULL, NULL, NULL, 1, 1, NULL, 1546393250),
(27, NULL, NULL, '', 1, '13310102011', '', NULL, NULL, NULL, 1, 1, NULL, 1546393269),
(28, NULL, NULL, '', 1, '13310102011', '', NULL, NULL, NULL, 1, 1, NULL, 1546393271),
(29, NULL, NULL, '', 1, '13310102011', '', NULL, NULL, NULL, 1, 1, NULL, 1546393272),
(30, NULL, NULL, '', 1, '13310102011', '', NULL, NULL, NULL, 1, 1, NULL, 1546393253),
(31, NULL, NULL, '', 1, '13310102011', '', NULL, NULL, NULL, 1, 1, NULL, 1546393254),
(32, NULL, NULL, '', 1, '13310102011', '', NULL, NULL, NULL, 1, 1, NULL, 1546393256),
(33, NULL, NULL, '', 1, '13310102011', '', NULL, NULL, NULL, 1, 1, NULL, 1546393258),
(34, NULL, NULL, '', 1, '13310102011', '', NULL, NULL, NULL, 1, 1, NULL, 1546393260),
(35, NULL, NULL, '', 1, '13310102011', '', NULL, NULL, NULL, 1, 1, NULL, 1546393285),
(36, NULL, NULL, '', 1, '13310102011', '', NULL, NULL, NULL, 1, 1, NULL, 1546393287),
(37, NULL, NULL, '', 1, '13310102011', '', NULL, NULL, NULL, 1, 1, NULL, 1546393289),
(38, NULL, NULL, '喵喵喵', NULL, '13310101010', '2019@qq.com', NULL, NULL, NULL, 1, 1, NULL, 1546393304),
(39, '337', 'ffe7a019bc8c991d28b894b9aaac2ff7', '小白', NULL, '13538300264', '333@qq.com', NULL, NULL, NULL, 1, 0, NULL, 1546485378),
(40, 'may', 'e10adc3949ba59abbe56e057f20f883e', NULL, NULL, '13532685452', NULL, NULL, NULL, NULL, 1, 0, NULL, NULL);

-- --------------------------------------------------------

--
-- 表的结构 `orderitem`
--

CREATE TABLE IF NOT EXISTS `orderitem` (
  `itemId` int(11) NOT NULL COMMENT '订单项目ID',
  `customerId` int(11) NOT NULL,
  `orderId` int(11) NOT NULL DEFAULT '0' COMMENT '订单ID',
  `bookId` int(11) NOT NULL COMMENT '书籍ID',
  `booktitle` varchar(45) DEFAULT NULL COMMENT '书名',
  `bookpress` varchar(100) DEFAULT NULL,
  `bookprice` double DEFAULT NULL COMMENT '书籍单价',
  `num` int(11) DEFAULT NULL COMMENT '数量',
  `price` double DEFAULT NULL COMMENT '总价格'
) ENGINE=InnoDB AUTO_INCREMENT=47 DEFAULT CHARSET=utf8mb4;

--
-- 转存表中的数据 `orderitem`
--

INSERT INTO `orderitem` (`itemId`, `customerId`, `orderId`, `bookId`, `booktitle`, `bookpress`, `bookprice`, `num`, `price`) VALUES
(1, 1, 1, 2, 'iOS应用开发基础教程', 'http://img11.360buyimg.com/n1/jfs/t1/10814/3/5555/12968/5c1794f8E24dea7c3/32f6a19f58ef4b77.jpg', 49, 1, 49),
(2, 1, 0, 3, '零基础学Swift游戏编程', 'http://www.tup.tsinghua.edu.cn/upload/bigbookimg/068392-01.jpg', 120, 4, 480),
(3, 1, 3, 1, '15天学会JavaScript（视频教学版）', 'https://img10.360buyimg.com/n1/jfs/t27751/239/1745349301/61172/ef7788bc/5becd37dN3316b01e.jpg', 79, 4, 316),
(4, 18, 0, 4, '机器学习算法实践——推荐系统的协同过滤理论及其应用', 'http://www.tup.tsinghua.edu.cn/upload/bigbookimg/080054-01.jpg', 69, 7, 483),
(5, 1, 4, 2, 'iOS应用开发基础教程', 'http://img11.360buyimg.com/n1/jfs/t1/10814/3/5555/12968/5c1794f8E24dea7c3/32f6a19f58ef4b77.jpg', 49, 3, 147),
(7, 1, 4, 5, 'Arduino案例实战（卷Ⅴ）', 'http://www.tup.tsinghua.edu.cn/upload/bigbookimg/079269-01.jpg', 79, 5, 395),
(10, 1, 4, 6, 'CSS 入门与实践', 'http://www.tup.tsinghua.edu.cn/upload/bigbookimg/077652-01.jpg', 39, 6, 234),
(12, 18, 0, 1, '15天学会JavaScript（视频教学版）', 'https://img10.360buyimg.com/n1/jfs/t27751/239/1745349301/61172/ef7788bc/5becd37dN3316b01e.jpg', 79, 3, 237),
(16, 1, 9, 1, '15天学会JavaScript（视频教学版）', 'https://img10.360buyimg.com/n1/jfs/t27751/239/1745349301/61172/ef7788bc/5becd37dN3316b01e.jpg', 79, 2, 158),
(21, 1, 14, 3, '零基础学Swift游戏编程', 'http://www.tup.tsinghua.edu.cn/upload/bigbookimg/068392-01.jpg', 120, 2, 240),
(22, 1, 15, 6, 'CSS 入门与实践', 'http://www.tup.tsinghua.edu.cn/upload/bigbookimg/077652-01.jpg', 39, 10, 390),
(23, 1, 0, 25, '中华上下五千年(共4册)', 'https://wdimg3.bookuu.com/goods/20/04/41/3211727.jpg', 32, 3, 96),
(28, 18, 20, 3, '零基础学Swift游戏编程', 'http://www.tup.tsinghua.edu.cn/upload/bigbookimg/068392-01.jpg', 120, 1, 120),
(29, 18, 21, 3, '零基础学Swift游戏编程', 'http://www.tup.tsinghua.edu.cn/upload/bigbookimg/068392-01.jpg', 120, 1, 120),
(30, 18, 0, 3, '零基础学Swift游戏编程', 'http://www.tup.tsinghua.edu.cn/upload/bigbookimg/068392-01.jpg', 120, 1, 120),
(35, 1, 25, 1, '15天学会JavaScript（视频教学版）', 'https://img10.360buyimg.com/n1/jfs/t27751/239/1745349301/61172/ef7788bc/5becd37dN3316b01e.jpg', 79, 1, 79),
(36, 1, 26, 1, '15天学会JavaScript（视频教学版）', 'https://img10.360buyimg.com/n1/jfs/t27751/239/1745349301/61172/ef7788bc/5becd37dN3316b01e.jpg', 79, 1, 79),
(37, 1, 27, 6, 'CSS 入门与实践', 'http://www.tup.tsinghua.edu.cn/upload/bigbookimg/077652-01.jpg', 39, 1, 39),
(38, 1, 28, 6, 'CSS 入门与实践', 'http://www.tup.tsinghua.edu.cn/upload/bigbookimg/077652-01.jpg', 39, 1, 39),
(39, 1, 29, 6, 'CSS 入门与实践', 'http://www.tup.tsinghua.edu.cn/upload/bigbookimg/077652-01.jpg', 39, 1, 39),
(40, 1, 30, 6, 'CSS 入门与实践', 'http://www.tup.tsinghua.edu.cn/upload/bigbookimg/077652-01.jpg', 39, 1, 39),
(41, 1, 31, 6, 'CSS 入门与实践', 'http://www.tup.tsinghua.edu.cn/upload/bigbookimg/077652-01.jpg', 39, 1, 39),
(42, 1, 32, 6, 'CSS 入门与实践', 'http://www.tup.tsinghua.edu.cn/upload/bigbookimg/077652-01.jpg', 39, 1, 39),
(43, 1, 33, 48, '易中天中华史：三国纪+魏晋风度+南朝北朝（共3册）', 'https://wdimg3.bookuu.com/goods/12/49/05/201609281637144651.jpg', 36, 1, 36),
(44, 18, 34, 3, '零基础学Swift游戏编程', 'http://www.tup.tsinghua.edu.cn/upload/bigbookimg/068392-01.jpg', 120, 1, 120),
(45, 18, 35, 3, '零基础学Swift游戏编程', 'http://www.tup.tsinghua.edu.cn/upload/bigbookimg/068392-01.jpg', 120, 1, 120),
(46, 18, 36, 3, '零基础学Swift游戏编程', 'http://www.tup.tsinghua.edu.cn/upload/bigbookimg/068392-01.jpg', 120, 1, 120);

-- --------------------------------------------------------

--
-- 表的结构 `userorder`
--

CREATE TABLE IF NOT EXISTS `userorder` (
  `orderId` int(11) NOT NULL COMMENT '订单ID',
  `customerId` int(11) DEFAULT NULL COMMENT '用户ID',
  `name` varchar(20) DEFAULT NULL COMMENT '姓名',
  `phone` varchar(12) DEFAULT NULL COMMENT '手机',
  `address` varchar(100) DEFAULT NULL COMMENT '地址',
  `zipCode` varchar(10) DEFAULT NULL COMMENT '邮政编码',
  `price` double DEFAULT NULL COMMENT '价格',
  `actualPrice` double DEFAULT NULL COMMENT '实际价格',
  `orderstate` tinyint(4) DEFAULT '1' COMMENT '订单状态\n1待付款\n2待发货\n3待收货\n0已完成',
  `payment` tinyint(4) DEFAULT NULL COMMENT '支付方式\n1支付宝支付\n2微信支付',
  `kuaidi` int(11) DEFAULT NULL COMMENT '快递单号',
  `create_time` int(11) DEFAULT NULL,
  `update_time` int(11) DEFAULT NULL
) ENGINE=InnoDB AUTO_INCREMENT=37 DEFAULT CHARSET=utf8mb4;

--
-- 转存表中的数据 `userorder`
--

INSERT INTO `userorder` (`orderId`, `customerId`, `name`, `phone`, `address`, `zipCode`, `price`, `actualPrice`, `orderstate`, `payment`, `kuaidi`, `create_time`, `update_time`) VALUES
(0, 0, '0', '0', '0', '0', 0, 0, 0, 0, 0, NULL, NULL),
(1, 1, '123', '13888888123', '东莞市', '523000', 49, 49, 3, NULL, 144516587, NULL, NULL),
(2, 6, '吴京', '13520201447', '浙江省', '', 0, 67, 0, 0, 2147483647, NULL, NULL),
(3, 1, '测试1', '13888888123', '东莞市', '523000', 99, 99, 2, NULL, NULL, NULL, 1546558121),
(4, 1, '测试2', '13888888123', '东莞市', '523000', 88, 88, 1, NULL, NULL, NULL, NULL),
(9, 1, '小白', '13888888123', '东莞市东莞理工学院莞城校区', '523000', 158, 158, 1, NULL, NULL, 1546547409, 1546547409),
(14, 1, '小白', '13888888123', '东莞市东莞理工学院莞城校区', '523000', 240, 240, 3, NULL, 2147483647, 1546549200, 1546549200),
(15, 1, '小白', '13888888123', '东莞市东莞理工学院莞城校区', '523000', 390, 390, 1, NULL, NULL, 1546549373, 1546549373),
(20, 18, '小白', '13562636363', '广东省', '523000', 120, 120, 1, NULL, NULL, 1546553077, 1546553077),
(21, 18, '小白', '13562636363', '广东省', '523000', 120, 120, 1, NULL, NULL, 1546553086, 1546553086),
(25, 1, '小白', '13888888123', '东莞市东莞理工学院莞城校区', '523000', 79, 79, 1, NULL, NULL, 1546562315, 1546562315),
(26, 1, '小白', '13888888123', '东莞市东莞理工学院莞城校区', '523000', 79, 79, 1, NULL, NULL, 1546562355, 1546562355),
(27, 1, '小白', '13888888123', '东莞市东莞理工学院莞城校区', '523000', 39, 39, 1, NULL, NULL, 1546562612, 1546562612),
(28, 1, '小白', '13888888123', '东莞市东莞理工学院莞城校区', '523000', 39, 39, 1, NULL, NULL, 1546563427, 1546563427),
(29, 1, '小白', '13888888123', '东莞市东莞理工学院莞城校区', '523000', 39, 39, 1, NULL, NULL, 1546563434, 1546563434),
(30, 1, '小白', '13888888123', '东莞市东莞理工学院莞城校区', '523000', 39, 39, 1, NULL, NULL, 1546563447, 1546563447),
(31, 1, '小白', '13888888123', '东莞市东莞理工学院莞城校区', '523000', 39, 39, 1, NULL, NULL, 1546563455, 1546563455),
(32, 1, '小白', '13888888123', '东莞市东莞理工学院莞城校区', '523000', 39, 39, 2, NULL, NULL, 1546564069, 1546564558),
(33, 1, '小白', '13888888123', '东莞市东莞理工学院莞城校区', '523000', 36, 36, 1, NULL, NULL, 1546564126, 1546564126),
(34, 18, '小白', '13562636363', '广东省', '523000', 120, 120, 1, NULL, NULL, 1546564825, 1546564825),
(35, 18, '小白', '13562636363', '广东省', '523000', 120, 120, 1, NULL, NULL, 1546564832, 1546564832),
(36, 18, '小白', '13562636363', '广东省', '523000', 120, 120, 1, NULL, NULL, 1546843057, 1546843057);

--
-- Indexes for dumped tables
--

--
-- Indexes for table `address`
--
ALTER TABLE `address`
  ADD PRIMARY KEY (`addressId`),
  ADD KEY `customerId_idx` (`customerId`);

--
-- Indexes for table `admin`
--
ALTER TABLE `admin`
  ADD PRIMARY KEY (`adminId`),
  ADD UNIQUE KEY `account_UNIQUE` (`account`);

--
-- Indexes for table `book`
--
ALTER TABLE `book`
  ADD PRIMARY KEY (`bookId`);

--
-- Indexes for table `category`
--
ALTER TABLE `category`
  ADD PRIMARY KEY (`categoryId`),
  ADD UNIQUE KEY `name_UNIQUE` (`cateName`);

--
-- Indexes for table `customer`
--
ALTER TABLE `customer`
  ADD PRIMARY KEY (`customerId`),
  ADD UNIQUE KEY `account_UNIQUE` (`account`);

--
-- Indexes for table `orderitem`
--
ALTER TABLE `orderitem`
  ADD PRIMARY KEY (`itemId`),
  ADD KEY `orderId_idx` (`orderId`);

--
-- Indexes for table `userorder`
--
ALTER TABLE `userorder`
  ADD PRIMARY KEY (`orderId`);

--
-- AUTO_INCREMENT for dumped tables
--

--
-- AUTO_INCREMENT for table `address`
--
ALTER TABLE `address`
  MODIFY `addressId` int(11) NOT NULL AUTO_INCREMENT COMMENT '地址ID',AUTO_INCREMENT=18;
--
-- AUTO_INCREMENT for table `admin`
--
ALTER TABLE `admin`
  MODIFY `adminId` int(11) NOT NULL AUTO_INCREMENT COMMENT '管理员ID',AUTO_INCREMENT=2;
--
-- AUTO_INCREMENT for table `book`
--
ALTER TABLE `book`
  MODIFY `bookId` int(11) NOT NULL AUTO_INCREMENT COMMENT '书籍ID',AUTO_INCREMENT=97;
--
-- AUTO_INCREMENT for table `category`
--
ALTER TABLE `category`
  MODIFY `categoryId` int(11) NOT NULL AUTO_INCREMENT,AUTO_INCREMENT=11;
--
-- AUTO_INCREMENT for table `customer`
--
ALTER TABLE `customer`
  MODIFY `customerId` int(11) NOT NULL AUTO_INCREMENT COMMENT '用户ID',AUTO_INCREMENT=41;
--
-- AUTO_INCREMENT for table `orderitem`
--
ALTER TABLE `orderitem`
  MODIFY `itemId` int(11) NOT NULL AUTO_INCREMENT COMMENT '订单项目ID',AUTO_INCREMENT=47;
--
-- AUTO_INCREMENT for table `userorder`
--
ALTER TABLE `userorder`
  MODIFY `orderId` int(11) NOT NULL AUTO_INCREMENT COMMENT '订单ID',AUTO_INCREMENT=37;
--
-- 限制导出的表
--

--
-- 限制表 `address`
--
ALTER TABLE `address`
  ADD CONSTRAINT `customerId` FOREIGN KEY (`customerId`) REFERENCES `customer` (`customerId`) ON DELETE CASCADE ON UPDATE NO ACTION;

--
-- 限制表 `orderitem`
--
ALTER TABLE `orderitem`
  ADD CONSTRAINT `orderId` FOREIGN KEY (`orderId`) REFERENCES `userorder` (`orderId`) ON DELETE CASCADE ON UPDATE NO ACTION;

/*!40101 SET CHARACTER_SET_CLIENT=@OLD_CHARACTER_SET_CLIENT */;
/*!40101 SET CHARACTER_SET_RESULTS=@OLD_CHARACTER_SET_RESULTS */;
/*!40101 SET COLLATION_CONNECTION=@OLD_COLLATION_CONNECTION */;
